Keyword,Source,name,rating,review_count,address,phone,website,status
Appdevelopers in Bangalore,Google Maps,"DxMinds- Generative AI, Software and Mobile Application Development Company in Bangalore, India",4.6,100.0,"61, 1st Floor, 12th Cross, 7th Main Rd, BTM 2nd Stage, Bengaluru, Karnataka 560076",074835 46629,https://dxminds.com/contact-us/,Closed
Appdevelopers in Bangalore,Google Maps,Techasoft Pvt. Ltd.,4.6,265.0,"435, 3rd Floor, 27th Main Rd, 1st Sector, HSR Layout, Bengaluru, Karnataka 560102",099860 56909,https://www.techasoft.com/contact-us,Open
Appdevelopers in Bangalore,Google Maps,Brill Mindz Technologies,4.6,111.0,"572, 1st Floor, 6th F Cross Rd, 6th Block, Koramangala, Bengaluru, Karnataka 560095",095384 48421,https://www.brillmindz.com/contact/,Closed
Appdevelopers in Bangalore,Google Maps,Milescube,4.9,117.0,"Milescube Technologies at Novel Office 13th Cross, Baldwins Road, Koramangala, Bengaluru, Karnataka 560030","XJ25+J5 Bengaluru, Karnataka",,
Appdevelopers in Bangalore,Google Maps,Ailoitte | Top Mobile App Development Company in India,4.8,46.0,"Tower-B, L-148, 5th Main Rd, Santhosapuram, Sector 6, HSR Layout, Bengaluru, Karnataka 560102",072510 27270,https://www.ailoitte.com/contact-us/,Closed
Appdevelopers in Bangalore,Google Maps,Skydevelopers,4.8,27.0,"57, F.N 303, 1st B Cross Rd, Tavarekere, BTM 1st Stage, Bengaluru, Karnataka 560029",,,Open 24 hours
Appdevelopers in Bangalore,Google Maps,Aisotec,,,,,https://api.whatsapp.com/send?phone=+918147272101&text=Hello%20Aisotec,
Appdevelopers in Bangalore,Google Maps,"Krify | Top Mobile App Company in Bangalore, India",4.9,95.0,"303, Sanjana Sovereign Apt 90/98, 8th Main, 38th B Cross Rd, 2nd Block, Jayanagar, Bengaluru, Karnataka 560011","WHVM+35 Bengaluru, Karnataka",https://krify.co/?utm_source=Google_MyBusiness_Bnglr,Closed
Appdevelopers in Bangalore,Google Maps,WebSenor,5.0,7.0,"BHive Workplace, AKR Tech Park, B-Block, A"" and, 7th Mile Hosur Rd, Krishna Reddy Industrial Area, Bengaluru, Karnataka 560068","VJVR+3M Bengaluru, Karnataka",https://websenor.com/,Open 24 hours
Appdevelopers in Bangalore,Google Maps,Cumulations Technologies,4.5,59.0,"2, 601/B, 5th Floor, Sriven Rag Landmark, Near Marvin Leather, Hosur Main Road, Wilson Garden, Bengaluru, Karnataka 560027",098458 25982,https://calendly.com/divesh-k/project-brainstorming,Closed
